Vocab,WordCount
41, 43
251, 314
1328, 1843
1565, 2218
1798, 2505
1926, 2656
2122, 2891
2188, 2970
2538, 3407
2705, 3598
2752, 3653
2939, 3880
2983, 3937
3108, 4084
3377, 4435
3484, 4572
4019, 5333
4078, 5416
4405, 5893
4475, 5988
4538, 6069
5140, 7128
5253, 7275
5347, 7392
5909, 8173
5999, 8302
6240, 8655
6423, 8922
6443, 8965
6687, 9352
7698, 10969
7945, 11300
8063, 11469
8087, 11508
8290, 11797
8393, 11960
8451, 12043
8534, 12166
9443, 13491
9470, 13530
9501, 13571
9521, 13616
9568, 13681
9649, 13784
9723, 13879
9756, 13926
9941, 14187
10574, 15168
10637, 15263
11153, 16104
11220, 16195
11477, 16660
11554, 16757
11751, 17082
12032, 17535
12484, 18196
12580, 18349
12713, 18548
13029, 19041
13199, 19304
13284, 19591
13319, 19660
13682, 20207
14273, 21082
14328, 21159
14698, 21674
14776, 21779
15012, 22122
15191, 22423
15231, 22480
15661, 23089
15861, 23388
16307, 24035
16337, 24080
16893, 25081
16948, 25186
17257, 25631
17688, 26328
18056, 27067
18261, 27390
18380, 27533
18524, 27764
18567, 27831
19044, 28516
19641, 29537
20430, 30706
20905, 31655
20976, 31760
21239, 32171
21264, 32218
21318, 32303
21509, 32640
21842, 33183
21875, 33242
22434, 34021
23068, 35202
23146, 35365
23296, 35602
23340, 35673
23437, 35864
23501, 35965
23521, 36014
23852, 36525
24389, 37328
24448, 37435
24710, 37848
24879, 38137
25972, 40046
26206, 40485
26363, 40736
26431, 40859
27761, 43152
27966, 43495
28452, 44316
28703, 44709
28763, 44802
28812, 44865
28853, 44930
28945, 45103
29141, 45390
29219, 45531
29439, 45880
29487, 45969
30011, 46974
30262, 47437
30641, 48042
30673, 48099
30951, 48584
30977, 48629
31418, 49264
31483, 49375
32469, 51034
32803, 51633
32828, 51674
33059, 52061
33178, 52274
33246, 52379
34325, 54530
34357, 54575
34445, 54708
34526, 54835
34740, 55206
34742, 55247
34800, 55332
34829, 55379
34856, 55416
34907, 55509
35135, 55902
35185, 55983
35264, 56110
35367, 56323
35427, 56414
35490, 56517
35533, 56594
35604, 56721
36454, 58282
36495, 58351
38111, 60976
38242, 61193
38298, 61288
38519, 61659
38607, 61822
38685, 61939
39330, 63272
39454, 63509
39610, 63778
39749, 64017
39829, 64156
39832, 64199
40011, 64542
40143, 64749
40584, 65468
40770, 65791
40976, 66118
41475, 67015
41582, 67196
41613, 67253
41701, 67414
41816, 67591
41934, 67778
41974, 67831
42096, 68056
42143, 68141
42268, 68352
42503, 68765
42594, 68912
42762, 69187
42958, 69500
43278, 70087
43425, 70344
43541, 70671
44056, 71648
44297, 72097
44482, 72432
44508, 72473
44549, 72546
44941, 73211
44968, 73266
46044, 75303
46174, 75546
47569, 78705
50003, 84458
50422, 85233
50643, 85602
50727, 85739
51251, 86638
54021, 91809
54080, 91900
54127, 92021
54232, 92176
54331, 92331
54416, 92486
54668, 92927
54875, 93276
54904, 93315
54972, 93400
55045, 93535
55427, 94154
55500, 94277
56431, 96264
56590, 96549
56622, 96598
56772, 96867
56904, 97104
56976, 97233
57069, 97400
57193, 97623
58107, 99356
58128, 99393
58276, 99648
59545, 102011
59576, 102066
59633, 102173
60255, 103308
60464, 103705
60486, 103740
60549, 103857
60614, 103956
60614, 103989
61226, 105232
61305, 105373
61382, 105502
61553, 105801
61604, 105892
61736, 106125
62401, 107424
63164, 108735
63253, 108896
63340, 109049
63408, 109174
63489, 109479
63564, 109622
63587, 109659
63642, 109766
63674, 109819
63873, 110356
63886, 110397
64021, 110646
64098, 110801
64141, 110878
64433, 111393
64550, 111610
64585, 111681
64659, 111796
64927, 112325
65020, 112490
65098, 112623
65192, 112826
65474, 113289
65864, 113968
66215, 114621
66245, 114680
66433, 115025
66466, 115070
66597, 115301
66691, 115466
67578, 117025
67681, 117214
67703, 117257
67730, 117308
67789, 117413
67993, 117778
68246, 118265
68336, 118426
68476, 118691
69531, 120622
69846, 121281
69882, 121350
69984, 121521
70053, 121648
70189, 121871
73263, 128820
73410, 129077
73762, 129822
73980, 130251
75060, 132380
75200, 132657
75207, 132736
75391, 133105
75412, 133146
75437, 133195
75526, 133436
75594, 133569
75689, 133778
77335, 137179
77436, 137384
77494, 137475
78156, 138724
78356, 139121
78423, 139254
78432, 139295
78468, 139356
78530, 139475
78610, 139604
78660, 139677
78750, 140002
78966, 140435
79385, 141200
80059, 142391
80059, 142424
80112, 142523
80140, 142576
80316, 142933
80460, 143202
80515, 143295
80554, 143370
80554, 143403
80615, 143500
80636, 143541
80725, 143692
80796, 143827
80865, 143950
80892, 143997
81814, 145822
81902, 146121
82095, 146444
82263, 146725
82413, 147034
82462, 147127
82520, 147234
82881, 147881
83109, 148310
83541, 149061
83743, 149444
83936, 149813
84021, 149978
84124, 150141
84310, 150486
84333, 150533
84921, 151644
84976, 151741
85206, 152168
85279, 152301
86117, 153806
86191, 153939
86233, 154022
86344, 154205
86716, 154930
87020, 155453
87092, 155580
87508, 156435
87556, 156516
87787, 156933
87858, 157082
87923, 157199
87951, 157256
87996, 157329
88070, 157464
88158, 157635
88193, 157692
88356, 157987
88445, 158148
88680, 158579
88787, 158770
88844, 158891
88923, 159034
89155, 159539
89204, 159624
89592, 160315
89667, 160478
89896, 160895
89931, 160964
90128, 161345
90171, 161432
91100, 163091
91130, 163154
91422, 163683
91446, 163734
91476, 163791
91640, 164122
91848, 164509
91848, 164542
91915, 164687
91999, 164822
92030, 164863
92082, 164992
93080, 166859
93174, 167048
93248, 167189
93312, 167312
93636, 167931
93701, 168062
93848, 168393
93934, 168544
94200, 168997
94291, 169150
94416, 169373
94472, 169460
94555, 169615
94598, 169714
94642, 169811
94711, 169940
94727, 169997
94768, 170054
94807, 170137
94894, 170332
94926, 170385
95031, 170566
95165, 170801
95188, 170850
95245, 170947
96662, 173596
96852, 173907
96858, 173982
97194, 174591
97226, 174646
97546, 175227
97593, 175306
97664, 175433
97847, 175774
97893, 175867
97938, 175940
97998, 176035
98044, 176130
98091, 176199
98115, 176252
98267, 176511
98605, 177136
98790, 177443
98959, 177780
99354, 178535
99623, 179080
99683, 179195
99744, 179314
99945, 179757
100208, 180246
100352, 180547
100531, 180890
100589, 180995
100758, 181296
102014, 184475
103413, 187484
103672, 187993
103694, 188034
103861, 188305
103907, 188392
103977, 188527
104141, 188842
104244, 189055
104332, 189220
104527, 189633
104592, 189748
104698, 189917
104812, 190132
104848, 190199
104885, 190296
104911, 190345
104995, 190514
105024, 190573
105060, 190640
105095, 190707
105169, 190842
105207, 190921
105443, 191392
105575, 191611
105613, 191674
105862, 192191
105903, 192268
105989, 192435
106232, 192876
106276, 192965
106481, 193292
106523, 193379
106592, 193650
107256, 194941
107410, 195250
107491, 195399
107519, 195452
107566, 195549
107926, 196290
107944, 196335
110582, 201562
110756, 201867
111914, 204216
112124, 204659
112227, 204852
112276, 204947
112332, 205044
112441, 205275
112644, 205706
112820, 206063
112892, 206186
113209, 206833
113322, 207024
113706, 207833
113944, 208336
114133, 208713
114377, 209164
114483, 209355
114954, 210298
115359, 211069
115417, 211174
115608, 211539
115719, 211760
115836, 211973
115968, 212196
116108, 212477
116303, 212844
116440, 213093
116562, 213322
116692, 213817
116747, 213912
116830, 214061
117005, 214374
118442, 217391
118530, 217562
119063, 218599
119906, 220244
120043, 220563
120208, 220896
120277, 221173
120693, 222034
120771, 222349
120835, 222488
120875, 222565
121672, 224152
121808, 224647
121832, 224698
122053, 225107
122078, 225156
122391, 225769
122567, 226162
122729, 226539
122913, 226936
122975, 227037
123064, 227190
123119, 227265
123357, 227718
123597, 228193
123644, 228270
123715, 228421
123766, 228524
123833, 228645
123931, 228820
123964, 228949
124034, 229294
124128, 229477
124220, 229668
124271, 229769
126227, 234234
126289, 234351
126347, 234462
126895, 235603
127145, 236184
127263, 236383
127560, 236978
127604, 237069
127621, 237106
127700, 237249
127924, 237690
127982, 237799
128007, 237856
128286, 238409
128367, 238564
128997, 239915
129202, 240322
129275, 240469
129358, 240680
129400, 240781
129905, 241838
129963, 241927
130056, 242118
130417, 242769
130472, 242884
130523, 242977
130697, 243284
130731, 243351
131568, 245070
132016, 245925
132749, 247378
132775, 247437
133461, 248798
133591, 249073
133878, 249684
133898, 249725
133969, 249878
134030, 249969
134142, 250182
134203, 250315
134517, 250914
135134, 252017
135156, 252068
135242, 252253
135302, 252366
135365, 252467
135415, 252578
135548, 252851
135590, 252934
135674, 253101
135800, 253338
135814, 253383
135871, 253500
136059, 253863
136169, 254100
136897, 255573
136938, 255654
136941, 255743
137067, 255972
137677, 257159
138453, 258724
138481, 258781
138486, 258826
138605, 259057
138661, 259174
138880, 259585
139010, 259800
139044, 259873
139315, 260432
139709, 261147
139781, 261284
139836, 261379
139870, 261468
139940, 261811
139968, 261862
140060, 262041
140277, 262510
140323, 262605
140479, 262990
140507, 263037
142897, 267782
142968, 268093
143218, 268584
144019, 270197
144108, 270378
144182, 270517
146033, 273956
146111, 274117
146294, 274406
146400, 274631
146420, 274682
146833, 275453
146976, 275716
147004, 275773
147188, 276174
147336, 276459
148176, 278254
148211, 278331
148692, 279272
148895, 279677
149089, 280044
149147, 280151
149188, 280222
149219, 280275
150181, 282252
150345, 282547
150522, 282902
150595, 283041
150635, 283114
150728, 283261
150821, 283444
151019, 283861
151349, 284454
151515, 284801
151621, 285002
151877, 285495
151949, 285644
152051, 285891
152249, 286232
152312, 286349
152398, 286522
152452, 286631
152558, 286854
152770, 287301
152862, 287470
152919, 287595
153161, 288100
153264, 288357
153352, 288562
153385, 288611
153385, 288650
153789, 289595
154470, 290924
154541, 291049
154702, 291454
154974, 291967
155025, 292064
155138, 292273
155179, 292360
155386, 292745
155755, 293506
155907, 293775
155922, 293810
155978, 293903
156001, 293960
156786, 295775
156848, 295886
156927, 296041
157026, 296238
157165, 296497
157205, 296566
157264, 296673
157637, 297400
157710, 297547
157763, 297662
158121, 298377
158158, 298442
159146, 300301
159664, 301314
159773, 301525
160624, 303084
160678, 303179
160744, 303308
160864, 303559
161254, 304314
161413, 304585
161586, 304910
161661, 305077
161856, 305476
161885, 305545
161966, 305690
162075, 305895
162142, 306020
162678, 307115
162899, 307590
162944, 307699
163046, 307904
163222, 308285
163244, 308328
163269, 308375
163301, 308428
163509, 308877
163600, 309066
163661, 309187
164038, 309924
164185, 310225
164298, 310488
164356, 310599
164688, 311286
164778, 311439
164816, 311524
164843, 311575
165021, 311924
165264, 312399
165311, 312490
165503, 312873
165538, 312948
165678, 313221
165977, 313952
166036, 314093
166075, 314154
166493, 315125
166532, 315202
167014, 316159
167136, 316412
167220, 316581
167320, 316792
167367, 316879
167644, 317460
169451, 321133
170328, 323042
171633, 325983
171691, 326100
171737, 326163
172506, 327632
172667, 327943
172994, 328622
173122, 328893
173169, 328994
173277, 329177
173588, 329788
174207, 331033
175168, 333350
175628, 334241
175803, 334588
176162, 335263
176219, 335366
176252, 335435
176329, 335788
176417, 335967
176482, 336094
177256, 337731
177286, 337804
177612, 338451
177838, 338908
177877, 338973
177949, 339096
178385, 340087
178591, 340514
178946, 341191
179448, 342276
179493, 342393
179493, 342426
179511, 342461
179704, 342910
179910, 343273
180116, 343766
180167, 343855
180208, 343936
180530, 344561
180688, 344906
180862, 345255
180955, 345448
181033, 345627
181060, 345678
181153, 345877
181894, 347366
182153, 347853
182190, 347928
183792, 351405
183858, 351552
184026, 351895
184106, 352058
184288, 352435
184306, 352480
184418, 352695
184680, 353214
184849, 353555
184909, 353854
185077, 354231
185374, 354820
185433, 354907
185549, 355144
185618, 355285
185728, 355482
185794, 355615
185827, 355678
185918, 355843
186110, 356212
186331, 356603
186391, 356730
186492, 356899
186567, 357046
186604, 357117
186755, 357398
186919, 357707
187216, 358334
187398, 358675
187605, 359096
187779, 359613
187871, 359814
189112, 362313
189379, 362782
189419, 363081
189440, 363130
189507, 363257
189773, 363934
189849, 364075
189917, 364198
190038, 364415
190089, 364508
190210, 364739
190305, 365126
190341, 365231
190607, 365808
190704, 366033
191175, 367262
191290, 367515
191855, 368586
191896, 368671
191990, 368870
192316, 369467
192552, 369934
192665, 370169
192793, 370416
192834, 370505
192913, 370844
192973, 370979
193147, 371328
193208, 371429
193241, 371480
193282, 371553
193825, 372658
193885, 372777
194031, 373044
194066, 373119
194121, 373224
194159, 373279
194164, 373320
194191, 373385
194223, 373458
194709, 374501
196241, 378340
196313, 378505
196384, 378648
196410, 378709
196432, 378750
197412, 380721
197710, 381318
197734, 381385
199444, 384958
199500, 385081
200960, 388062
201137, 388447
201304, 388756
201363, 388867
201415, 388960
201498, 389111
201525, 389166
201525, 389207
201697, 389582
201737, 389657
202994, 392154
203074, 392303
203074, 392344
203301, 392793
203613, 393502
204448, 395277
204567, 395510
205735, 397891
205812, 398030
206066, 398573
209484, 405320
209484, 405361
209587, 405570
209587, 405611
209608, 405680
209891, 406235
210011, 406494
211088, 408687
211218, 408950
211268, 409047
211619, 409770
211739, 410075
211813, 410204
211997, 410647
212588, 411872
213477, 413717
213516, 413790
213642, 414045
213850, 414476
214242, 415313
214303, 415438
214333, 415483
214809, 416242
214809, 416275
214852, 416370
214902, 416465
214954, 416554
215206, 417081
215519, 417798
215557, 417939
215594, 418026
216153, 419141
216191, 419208
216314, 419443
216465, 419766
216512, 419877
216514, 419918
216606, 420069
216629, 420130
216854, 420759
216987, 421060
217042, 421161
217061, 421194
217094, 421255
217639, 422484
217698, 422595
217767, 422742
218374, 423955
218427, 424274
218484, 424375
219165, 425790
219379, 426189
219510, 426454
219624, 426701
219743, 426932
219831, 427111
219852, 427156
219884, 427211
219938, 427334
219977, 427403
220094, 427620
220285, 427961
220402, 428240
220454, 428353
220846, 429182
221533, 430795
221574, 430890
221609, 430953
223477, 434844
223621, 435167
223677, 435268
223760, 435413
223801, 435494
223836, 435565
223947, 435792
223983, 435863
224015, 435936
224249, 436417
224664, 437408
224948, 438007
225006, 438124
225044, 438201
225222, 438606
225644, 439431
226093, 440342
226232, 440595
226305, 440716
226398, 440903
226496, 441094
226655, 441397
226787, 441658
226990, 442017
228167, 444460
228334, 444771
228369, 444824
228475, 445031
228559, 445198
228989, 446283
229027, 446354
229027, 446395
229290, 446926
229545, 447479
229563, 447516
229632, 447657
229770, 447894
229840, 448029
229938, 448230
229964, 448287
230113, 448580
230159, 448673
230354, 449082
230390, 449143
231270, 451002
231381, 451227
231535, 451532
231567, 451603
231636, 451740
231681, 451841
232354, 453238
232882, 454299
232956, 454426
232997, 454563
233016, 454608
233056, 454697
233116, 454824
233224, 455067
233269, 455152
233610, 455825
233637, 455870
233835, 456289
233852, 456354
234439, 457713
234584, 457942
234605, 457979
234735, 458252
235116, 459075
235174, 459200
235220, 459497
235295, 459662
235351, 459789
235663, 460464
235954, 460971
235988, 461032
236281, 461671
236408, 461952
236470, 462067
236499, 462118
236750, 462657
236938, 463046
236981, 463141
237172, 463524
237393, 463955
237444, 464066
237632, 464595
237680, 464678
237916, 465197
238345, 466194
238432, 466373
238637, 466790
238831, 467239
239169, 467926
239243, 468077
239313, 468222
239346, 468291
239378, 468354
239435, 468471
239492, 468580
239604, 468779
239811, 469138
239875, 469273
239971, 469488
240070, 469687
240200, 469950
240332, 470241
240617, 470882
240679, 470979
240872, 471388
240905, 471463
240963, 471558
240995, 471639
241178, 472010
241409, 472513
241792, 473340
242011, 473863
242202, 474252
242374, 474655
242402, 474702
242557, 475019
242718, 475372
242810, 475571
243106, 476258
243771, 477803
243820, 477890
243845, 477943
244730, 479670
244785, 479779
244949, 480088
244953, 480131
245042, 480304
245119, 480457
245188, 480600
245257, 480745
245306, 480848
246782, 483883
246819, 483950
246961, 484193
247084, 484422
247321, 484943
247345, 484998
247495, 485273
247761, 485832
247799, 485907
247829, 485958
248099, 486515
248119, 486550
248144, 486601
248219, 486752
248264, 486843
248309, 486950
248465, 487257
248904, 488072
249075, 488457
249129, 488548
249172, 488705
249390, 489172
249663, 489735
249760, 489906
249797, 489973
249841, 490078
249874, 490145
250141, 490678
250379, 491171
250585, 491610
251629, 493807
251716, 493972
251834, 494231
251882, 494334
252017, 494613
252044, 494672
252083, 494771
252581, 495694
252932, 496439
252994, 496572
253019, 496639
253046, 496702
253074, 496753
253134, 497070
253219, 497249
253616, 498088
253652, 498163
254085, 499142
254085, 499227
254085, 499312
254231, 499567
254436, 499990
254644, 500405
254685, 500538
254853, 500887
254976, 501138
255033, 501255
255092, 501362
255179, 501525
255210, 501580
255497, 502135
255704, 502550
256787, 504727
256999, 505168
257305, 505693
257344, 505768
258604, 508423
258684, 508616
259008, 509287
259056, 509384
259119, 509505
259250, 509768
259691, 510651
260029, 511314
260354, 512119
260457, 512292
260536, 512453
260699, 512778
260782, 512929
261390, 514174
261436, 514287
261668, 514778
261969, 515417
261994, 515470
262040, 515575
262087, 515660
262134, 515739
262178, 515830
262200, 515881
262342, 516188
262497, 516549
262557, 516660
262557, 516693
262657, 516916
263258, 518375
263309, 518466
263338, 518555
264936, 521912
265582, 523197
265840, 523726
265918, 523893
266019, 524080
266052, 524147
266374, 524802
266643, 525481
267321, 526872
267512, 527317
267571, 527442
267620, 527539
267982, 528316
268037, 528433
268117, 528770
268146, 528829
268201, 528928
268241, 528985
268288, 529080
268567, 529671
268593, 529728
269995, 532445
270051, 532556
270544, 533549
270592, 533640
271157, 534777
271199, 534860
271229, 534935
271298, 535070
271688, 535863
271909, 536402
271951, 536483
272096, 536854
272166, 536981
272245, 537118
272334, 537313
272380, 537420
272489, 537651
272499, 537716
272544, 537819
272572, 537880
272592, 537913
272753, 538216
272904, 538549
272969, 538706
273121, 539019
273198, 539206
273405, 539643
273535, 539930
273970, 540855
274033, 540990
274305, 541591
274587, 542260
274687, 542473
274761, 542652
274927, 542973
274991, 543096
275039, 543189
275231, 543614
275265, 543671
275572, 544316
275943, 545091
275999, 545210
279128, 551893
279671, 553028
280162, 554135
280353, 554600
280726, 555395
280805, 555586
280901, 555759
282112, 558364
282843, 560039
282916, 560184
283100, 560619
283247, 560922
283407, 561319
283444, 561386
283538, 561567
284051, 562798
284071, 562845
284400, 563534
284436, 563589
284468, 563654
284555, 563817
284996, 564840
285120, 565059
285180, 565180
285316, 565607
285341, 565662
285913, 566879
286001, 567062
286024, 567097
286443, 567932
286833, 568745
286952, 569032
287021, 569195
288019, 571582
288040, 571635
288156, 571870
288424, 572455
288609, 572834
288833, 573363
289266, 574256
289283, 574301
289330, 574392
289450, 574621
289749, 575242
289801, 575367
290000, 575762
290180, 576133
290247, 576260
290309, 576399
294489, 585472
294520, 585545
294691, 585888
295217, 586979
295288, 587120
295594, 587749
295940, 588450
295951, 588485
295970, 588538
295998, 588611
296077, 588794
296563, 589827
296681, 590076
296822, 590359
296866, 590456
296886, 590497
296944, 590608
297145, 591133
297146, 591198
297194, 591307
297355, 591662
297391, 591729
297415, 591794
297565, 592333
297565, 592366
300921, 601363
300977, 601480
301238, 602041
301370, 602334
301475, 602619
301559, 602768
301875, 603475
301915, 603576
302008, 603733
302043, 603786
302091, 603895
302155, 604020
302186, 604087
302297, 604364
302399, 604601
302428, 604664
302537, 604861
304267, 608416
304314, 608523
304397, 608676
304441, 608787
304754, 609422
304898, 609707
304971, 609850
305205, 610331
306569, 612794
306583, 612841
306611, 612890
306631, 612935
306790, 613256
307526, 614843
307538, 614894
307948, 615755
308007, 615874
308062, 615985
308127, 616110
308182, 616227
308254, 616378
308664, 617169
308911, 617678
308946, 617763
309177, 618364
309278, 618593
309310, 618664
309373, 618815
309421, 618926
309733, 619527
309773, 619612
310861, 622051
311283, 623026
313446, 627557
313673, 628010
313721, 628099
314033, 628772
314354, 629603
314383, 629656
314795, 630469
315295, 631470
315483, 631887
315517, 631946
315842, 632597
315921, 632772
315983, 632919
316041, 633104
316908, 634875
317340, 635818
317381, 635911
317421, 636022
317570, 636405
317590, 636454
317651, 636575
317680, 636638
317789, 636847
320825, 643256
320862, 643331
320941, 643470
321232, 644091
321541, 644698
321560, 644753
321695, 645064
322093, 645915
322136, 646018
322411, 646619
322727, 647270
322772, 647355
322871, 647568
322926, 647677
322952, 647734
323059, 647983
323171, 648210
323232, 648329
323278, 648418
323634, 649231
323660, 649294
323977, 650025
324494, 651070
324574, 651229
324889, 651908
324929, 651999
325656, 653524
325829, 653905
325911, 654052
326072, 654361
327851, 658206
328059, 658673
328150, 658860
328180, 658925
329427, 661748
329446, 661787
329584, 662148
329673, 662331
329755, 662502
329803, 662611
332201, 667704
334594, 673065
334668, 673232
334773, 673473
334872, 673710
334974, 673927
335011, 674008
335050, 674071
335095, 674172
335195, 674385
335217, 674428
335330, 674689
335541, 675150
335679, 675463
335983, 676104
336074, 676301
336348, 676888
336395, 676995
336524, 677274
336542, 677323
336577, 677390
336634, 677503
336714, 677662
337059, 678375
337330, 678978
338525, 681563
338550, 681618
338818, 682211
338956, 682494
339012, 682643
339110, 682828
339215, 683055
339261, 683158
339295, 683229
339352, 683348
339374, 683395
339482, 683630
339713, 684113
339732, 684158
339787, 684277
339819, 684354
340780, 686241
340906, 686494
340950, 686583
341029, 686706
341093, 686841
341111, 686878
341469, 687649
344578, 694616
345110, 695681
345248, 696016
345565, 696693
345616, 696790
345722, 696999
345991, 697584
346042, 697699
346446, 698490
346527, 698635
346560, 698696
346692, 698979
346760, 699136
346914, 699441
347296, 700244
347343, 700325
347518, 700714
347651, 700949
347742, 701150
347790, 701245
347836, 701348
347889, 701481
348704, 703096
348779, 703267
350987, 707728
351062, 707895
351129, 708034
351181, 708161
351228, 708256
351228, 708341
351355, 708630
351549, 709063
351639, 709250
351672, 709333
351802, 709586
352278, 710677
352345, 710842
352504, 711181
352813, 711798
352868, 711899
352903, 711968
352929, 712021
353126, 712474
353160, 712547
353219, 712674
353477, 713255
353519, 713356
353681, 713725
353778, 713932
356569, 720401
356633, 720582
356773, 720919
356938, 721262
356974, 721345
356996, 721398
357028, 721459
357088, 721590
357159, 721753
357194, 721812
357221, 721873
357514, 722530
357514, 722563
357555, 722668
357765, 723077
357795, 723136
357938, 723463
357951, 723494
358633, 724901
358695, 725008
358765, 725167
358989, 725624
359926, 727813
360071, 728104
360247, 728551
360295, 728638
360324, 728697
360347, 728740
360676, 729423
363030, 734884
363270, 735451
363366, 735668
363447, 735839
364166, 737360
364507, 738109
364545, 738194
365050, 739235
365235, 739620
365439, 740005
365871, 740996
365918, 741101
366204, 741624
366233, 741673
366291, 741786
366351, 741913
366492, 742200
366552, 742317
366573, 742378
367180, 744035
367269, 744222
367604, 744871
367659, 744986
368130, 745937
368244, 746222
368365, 746465
368423, 746582
368535, 746795
369204, 748296
369376, 748667
369815, 749742
370056, 750307
370143, 750498
370161, 750545
370273, 750780
370384, 751011
370562, 751334
370642, 751507
370718, 751682
370987, 752283
371119, 752596
371244, 752839
371263, 752884
371393, 753233
371420, 753290
371467, 753403
371488, 753450
371604, 753687
371631, 753730
371813, 754147
372433, 755764
372528, 755977
372701, 756526
372735, 756587
372841, 756806
373055, 757253
373264, 757798
373943, 759131
373954, 759174
374043, 759333
374739, 761128
374778, 761211
374808, 761264
375007, 761667
375130, 761876
375233, 762089
375386, 762366
375500, 762583
375603, 762878
375771, 763157
375815, 763260
376094, 763823
376220, 764058
376386, 764361
377812, 767400
377898, 767599
378368, 768628
378388, 768669
378423, 768744
378492, 768899
378612, 769154
378832, 769621
379458, 770992
379567, 771237
379593, 771282
379686, 771499
379722, 771582
379755, 771663
379818, 771818
380355, 772891
380415, 773020
380440, 773077
380512, 773228
380540, 773283
380601, 773440
380642, 773523
380696, 773646
380740, 773733
381040, 774478
381106, 774623
381888, 776316
382193, 776947
382241, 777044
382307, 777187
384121, 781210
384189, 781335
384431, 781754
384504, 781899
384549, 781994
384568, 782037
384689, 782316
384815, 782619
384939, 782900
384941, 782941
384965, 782996
385043, 783135
385073, 783184
386065, 785311
388586, 790838
388613, 790893
388801, 791304
389509, 792917
389664, 793272
389733, 793409
389850, 793624
389895, 793735
389923, 793796
390637, 795407
390695, 795540
390966, 796161
391114, 796456
391280, 796933
391388, 797188
391674, 797765
391766, 797944
391848, 798119
393343, 801452
393369, 801499
393477, 801764
393509, 801817
394971, 804812
395003, 804885
395076, 805036
395181, 805253
395285, 805500
395381, 805707
395864, 806736
395897, 806789
396383, 807988
396457, 808159
396534, 808346
396730, 808859
396792, 808978
396830, 809077
397048, 809478
397101, 809605
397458, 810272
397482, 810325
397510, 810378
397968, 811367
398810, 813128
398871, 813271
398894, 813318
399051, 813703
399225, 814112
399281, 814221
399806, 815362
399862, 815481
399923, 815620
400084, 815931
400138, 816044
400212, 816183
400326, 816430
400454, 816751
400938, 817866
400974, 817933
401145, 818360
401253, 818595
401358, 818992
401412, 819117
401852, 820034
401878, 820083
401902, 820128
401904, 820215
401995, 820396
402073, 820539
402538, 821536
402563, 821593
403033, 822722
403383, 823407
403534, 823950
404296, 825971
404331, 826052
404700, 826833
404724, 826894
404906, 827295
404951, 827386
405072, 827625
405127, 827740
405208, 827905
405223, 827962
405386, 828347
405489, 828590
405696, 829035
405745, 829126
405784, 829205
405834, 829298
405911, 829461
406030, 829660
406056, 829705
406139, 829878
406289, 830147
406313, 830186
406706, 830985
407009, 831778
407068, 831895
407127, 832008
407422, 832717
407519, 832938
407632, 833155
407924, 833756
407970, 833855
407999, 834052
408040, 834151
408131, 834308
408222, 834523
408256, 834590
408353, 834805
408382, 834870
408440, 834977
408466, 835030
408725, 835597
408739, 835642
408784, 835735
408835, 835850
408889, 835961
409040, 836246
409237, 836671
409265, 836730
409361, 836945
410079, 838524
410096, 838551
410156, 838692
410177, 838739
410390, 839262
410419, 839331
410860, 840352
410981, 840587
411042, 840714
411095, 840827
411159, 840958
411220, 841071
411243, 841282
411654, 842045
413021, 845218
413596, 846391
413855, 846970
413924, 847139
413924, 847224
413926, 847265
413926, 847298
414429, 848509
414487, 848622
414513, 848673
414617, 848896
414664, 848995
415716, 851354
415891, 851721
416142, 852244
416297, 852563
416451, 852894
416497, 852979
416599, 853192
416656, 853521
416686, 853598
416715, 853675
416875, 854072
416979, 854303
417061, 854456
417061, 854519
417112, 854636
417302, 855063
417475, 855454
417619, 855735
417658, 855814
417706, 855911
418532, 857772
419154, 858987
419186, 859064
419399, 859529
419458, 859660
419508, 859769
419716, 860306
420224, 861427
420385, 861810
420425, 861913
420560, 862160
420655, 862349
420917, 862930
420987, 863103
421188, 863578
421204, 863611
421709, 864736
421765, 864893
421864, 865138
422007, 865431
422030, 865482
422179, 865861
422211, 865930
422281, 866293
422480, 866654
422571, 866853
422706, 867138
422785, 867339
423006, 867766
423284, 868419
423473, 868774
423522, 868873
423609, 869038
423745, 869325
423828, 869480
423867, 869565
424164, 870216
424280, 870437
424417, 870708
425069, 872303
425216, 872598
425310, 872829
425340, 872902
425533, 873311
425711, 873710
425806, 873921
425864, 874024
425904, 874103
426025, 874388
426200, 874799
427471, 877578
427513, 877675
427579, 877800
427673, 877985
428026, 878740
428480, 879677
428546, 879784
428611, 879907
428698, 880116
428738, 880195
428869, 880480
428930, 880593
429168, 881092
429202, 881177
429223, 881222
429307, 881397
429373, 881554
429470, 881771
429750, 882434
430065, 883049
430410, 883834
430434, 883875
430913, 885042
431007, 885235
431166, 885562
431283, 886001
431283, 886086
431485, 886493
431504, 886540
431698, 886941
431793, 887116
432096, 887819
432504, 888662
432536, 888733
432574, 888806
432603, 888867
432800, 889330
432933, 889625
433210, 890260
433228, 890307
433262, 890384
433464, 890843
433556, 891040
433606, 891151
433625, 891188
433713, 891375
434048, 892122
434144, 892371
434370, 892868
434485, 893147
434531, 893246
434826, 893821
434919, 894096
438110, 901365
438153, 901458
438290, 901767
438340, 901864
438367, 901933
438483, 902176
438555, 902321
438594, 902412
438648, 902563
438713, 902706
439896, 905609
440005, 906084
440024, 906119
440046, 906172
440089, 906281
440136, 906360
440152, 906403
440220, 906530
440561, 907253
440588, 907304
440608, 907365
440700, 907574
441178, 908643
441348, 909074
441380, 909155
441595, 909600
442102, 910589
442253, 910916
442327, 911069
442376, 911398
442908, 912647
442960, 912780
443250, 913695
443332, 913868
443453, 914115
443508, 914256
443639, 914563
443750, 914806
443965, 915273
444015, 915384
444113, 915565
444320, 915992
444348, 916077
444426, 916214
444480, 916325
444498, 916372
444555, 916513
444766, 917012
446362, 920739
446419, 920874
446454, 920949
446471, 920994
446714, 921507
446745, 921570
446840, 921747
446969, 922014
447002, 922097
447332, 922746
447376, 922829
447519, 923084
447635, 923355
447649, 923400
447703, 923499
449840, 928684
449937, 928869
450367, 929834
450641, 930381
450799, 930690
450866, 930819
450931, 930964
451066, 931243
451315, 931774
451370, 931905
451437, 932076
451491, 932193
451520, 932256
451574, 932343
451635, 932484
451701, 932629
451803, 932886
451919, 933117
452005, 933306
452046, 933385
452071, 933440
452100, 933517
452411, 934144
452459, 934267
452586, 934564
452657, 934733
454028, 937642
454100, 937793
454150, 937896
454348, 938275
454464, 938532
454500, 938591
454592, 938782
454893, 939507
454907, 939550
455381, 940695
455443, 940834
455462, 940885
455552, 941120
455575, 941173
455604, 941236
455636, 941311
455706, 941468
455929, 942047
455947, 942090
456055, 942285
456125, 942428
456391, 942981
456960, 944250
457117, 944707
457196, 944862
457544, 945601
457774, 946120
457815, 946187
457890, 946364
457934, 946457
457997, 946596
457997, 946629
458018, 946688
458189, 947063
458203, 947092
458420, 947545
458713, 948220
458826, 948467
458871, 948774
458886, 948813
458939, 948922
458945, 949007
460694, 952784
460727, 952859
460775, 952970
460968, 953463
461142, 953848
461284, 954153
461576, 954804
461688, 955111
461871, 955492
461893, 955541
461933, 955624
462197, 956169
462344, 956474
463237, 958397
463466, 958842
463516, 958943
463756, 959498
463876, 959761
464027, 960052
464062, 960125
464161, 960382
464198, 960463
464362, 960810
464508, 961111
464561, 961218
464582, 961271
464743, 961594
464772, 961647
467433, 967426
467447, 967463
467498, 967578
468834, 970453
469082, 971066
469194, 971307
469260, 971460
469309, 971601
469346, 971666
469489, 971979
469509, 972026
469564, 972155
469638, 972530
469685, 972629
469725, 972728
469770, 972829
469934, 973200
470109, 973551
470173, 973680
470233, 973777
470335, 974000
470488, 974327
470583, 974518
470628, 974591
470656, 974640
470720, 974789
473920, 982224
474071, 982579
474771, 983876
474862, 984073
475148, 984714
475409, 985287
475747, 986036
475750, 986079
476102, 986878
476157, 987023
476207, 987122
476207, 987161
476379, 987526
476503, 987813
476719, 988334
477265, 989511
477440, 989924
477766, 990511
477808, 990610
478137, 991367
478180, 991476
478318, 991967
478832, 993030
479524, 994547
479767, 995040
479847, 995229
479875, 995292
479926, 995399
480020, 995596
480228, 996013
480263, 996090
480583, 996751
481231, 998186
481305, 998345
481328, 998414
481411, 998561
481451, 998636
481467, 998687
481531, 998856
481752, 999289
481862, 999530
481912, 999643
482118, 1000122
482153, 1000223
482429, 1000848
482463, 1000917
482464, 1000972
482753, 1001517
482800, 1001612
482869, 1001773
483632, 1003444
483667, 1003515
483749, 1003682
483763, 1003727
483905, 1004094
484040, 1004369
484094, 1004488
484117, 1004543
484155, 1004626
484396, 1005173
484505, 1005376
484559, 1005481
484613, 1005608
484897, 1006277
484941, 1006380
485062, 1006623
485135, 1006760
485163, 1006811
485333, 1007214
485427, 1007407
485465, 1007494
485537, 1007669
485589, 1007786
485641, 1007893
486291, 1009482
486319, 1009565
486406, 1009756
486552, 1010085
486584, 1010154
486829, 1010683
486918, 1010898
487011, 1011091
487085, 1011244
488491, 1014375
488662, 1014782
488809, 1015143
488837, 1015206
488862, 1015255
488885, 1015312
489313, 1016277
490062, 1017860
490120, 1018005
490138, 1018054
490147, 1018107
490305, 1018462
490425, 1018721
490493, 1018874
490535, 1018955
490557, 1019070
490597, 1019167
491036, 1020130
491109, 1020275
491629, 1021504
491653, 1021557
491688, 1021628
491721, 1021697
491861, 1021964
492063, 1022531
492097, 1022596
492224, 1022841
492398, 1023220
492483, 1023401
492549, 1023526
492850, 1024163
493084, 1024668
493348, 1025307
493402, 1025398
493427, 1025453
493526, 1025712
493663, 1026039
494185, 1027342
494553, 1028299
494677, 1028588
494707, 1028635
494757, 1028726
495189, 1029889
495283, 1030066
495388, 1030291
495422, 1030370
495455, 1030447
495517, 1030582
495553, 1030669
495618, 1030828
496030, 1031859
496125, 1032076
496281, 1032413
496427, 1032762
496470, 1032835
496550, 1032996
496645, 1033199
496799, 1033552
496856, 1033671
496881, 1033736
497003, 1034083
497247, 1034572
497475, 1035103
497535, 1035214
497573, 1035303
497614, 1035360
497725, 1035579
497877, 1035888
497929, 1035999
497983, 1036116
498064, 1036335
498272, 1036782
498379, 1037001
498610, 1037514
498675, 1037659
498883, 1038164
499069, 1038589
499093, 1038638
499395, 1039277
499590, 1039706
499672, 1039927
499801, 1040264
499904, 1040463
500500, 1041736
500603, 1041945
500635, 1042018
500671, 1042087
500708, 1042178
500796, 1042353
500873, 1042510
500942, 1042657
501203, 1043204
501212, 1043253
501427, 1043686
501460, 1043765
501800, 1044534
501840, 1044615
502040, 1045088
502069, 1045147
502225, 1045508
502255, 1045567
502319, 1045698
502378, 1045827
503093, 1047146
503141, 1047487
503163, 1047528
503376, 1047939
503416, 1048024
503463, 1048285
503578, 1048518
503611, 1048591
503666, 1048690
503703, 1048751
503779, 1048900
503877, 1049109
503904, 1049168
504107, 1049643
504332, 1050116
504384, 1050221
504523, 1050534
505373, 1052329
505870, 1053448
506157, 1054079
506220, 1054206
506288, 1054357
506381, 1054574
507433, 1056849
507572, 1057142
507663, 1057317
507710, 1057404
507779, 1057547
507947, 1057904
508002, 1058037
508064, 1058168
508272, 1058687
508343, 1058840
508441, 1059041
508525, 1059244
508615, 1059441
508653, 1059524
508752, 1059737
508865, 1059944
508885, 1059983
509048, 1060362
509336, 1060943
509372, 1061024
509733, 1061921
509805, 1062084
509851, 1062191
509885, 1062266
509910, 1062323
509943, 1062396
509981, 1062475
510468, 1063472
510530, 1063593
510562, 1063666
510595, 1063745
510751, 1064112
510838, 1064317
510964, 1064596
511135, 1064999
511209, 1065154
511310, 1065325
511414, 1065590
511464, 1065681
511609, 1065986
511654, 1066089
511722, 1066234
511889, 1066555
511976, 1066792
514248, 1071563
514415, 1071900
514452, 1072003
514484, 1072078
514523, 1072163
514866, 1072972
514925, 1073097
514995, 1073228
515044, 1073321
515116, 1073662
515202, 1073839
515305, 1074054
515331, 1074101
515374, 1074202
515428, 1074311
515789, 1075074
515920, 1075375
515947, 1075442
516038, 1075611
516183, 1075894
516227, 1076191
516265, 1076292
516297, 1076369
516435, 1076660
516463, 1076709
516563, 1076928
516611, 1077053
516658, 1077154
517536, 1079191
517641, 1079398
517955, 1080135
518085, 1080428
518141, 1080553
518244, 1080778
518284, 1080855
518311, 1080920
518457, 1081241
519327, 1083350
519426, 1083615
519531, 1083866
519593, 1084293
519665, 1084436
519969, 1085265
520114, 1085592
520211, 1085785
520359, 1086120
520388, 1086191
520798, 1087126
521325, 1088251
521425, 1088432
521505, 1088617
521545, 1088700
521575, 1088767
523899, 1094388
523980, 1094531
524161, 1094854
524208, 1094947
524363, 1095322
524482, 1095587
524573, 1095760
524736, 1096095
524815, 1096282
525108, 1096873
525223, 1097122
525239, 1097163
525293, 1097280
525371, 1097443
525655, 1098166
525750, 1098357
526098, 1099156
526192, 1099349
526204, 1099384
526233, 1099461
526290, 1099594
526606, 1100273
526822, 1100830
526845, 1100897
527086, 1101404
527137, 1101539
527181, 1101650
527518, 1102459
527601, 1102628
527721, 1102897
527749, 1102958
528196, 1103967
528700, 1105216
528965, 1105841
529124, 1106162
529232, 1106415
529426, 1106914
529469, 1107021
529520, 1107120
529605, 1107313
529617, 1107526
529728, 1107777
530034, 1108470
530259, 1109015
530348, 1109198
530921, 1110459
531892, 1112584
532090, 1113043
532478, 1113876
532592, 1114125
532839, 1114730
533024, 1115169
533079, 1115282
535274, 1120233
535480, 1120632
535802, 1121303
535936, 1121632
535959, 1121695
536026, 1121862
536105, 1122037
536126, 1122090
536266, 1122389
536590, 1123260
536833, 1123847
537249, 1124792
537375, 1125075
537544, 1125440
537652, 1125723
537732, 1125966
537745, 1126019
537774, 1126100
537839, 1126239
538869, 1128432
539138, 1129007
539235, 1129242
539283, 1129379
539423, 1129672
539523, 1129927
539689, 1130280
539817, 1130525
539886, 1130658
539966, 1130835
539966, 1130876
539966, 1130917
540008, 1131050
540067, 1131173
540133, 1131338
540203, 1131481
540347, 1131788
540583, 1132407
540595, 1132610
540745, 1132947
540848, 1133174
541143, 1133853
541495, 1134658
541546, 1134751
541618, 1135192
542532, 1137159
542579, 1137236
542750, 1137595
543176, 1138646
543659, 1139723
543756, 1139934
543773, 1139979
543812, 1140284
543861, 1140427
543892, 1140490
544033, 1140795
544355, 1141490
544490, 1141751
544663, 1142166
544790, 1142453
545198, 1143494
545240, 1143601
545349, 1143830
545471, 1144101
546296, 1146000
546367, 1146175
546434, 1146340
546467, 1146665
546537, 1146822
546961, 1147673
547042, 1147868
547522, 1148979
547698, 1149416
547749, 1149509
547822, 1149680
547916, 1149909
547953, 1149984
547953, 1150057
548225, 1150688
548361, 1150949
548729, 1151784
548860, 1152039
550207, 1154992
551729, 1158075
552389, 1159424
553171, 1161301
553239, 1161452
553303, 1161593
553353, 1161714
553425, 1161857
553474, 1161964
553500, 1162023
553789, 1162724
553827, 1162821
553908, 1163004
553957, 1163125
554119, 1163460
554361, 1164075
554399, 1164136
554430, 1164219
554566, 1164540
554618, 1164667
554677, 1164780
554703, 1164829
554808, 1165066
555099, 1165699
555345, 1166256
555491, 1166571
555710, 1167082
555731, 1167125
556100, 1168062
556357, 1168675
556680, 1169390
556760, 1169549
557082, 1170232
557098, 1170269
557448, 1171196
557551, 1171417
557630, 1171622
557677, 1171711
557812, 1171998
558060, 1172509
559331, 1175340
559845, 1176459
560089, 1177066
560117, 1177135
560273, 1177574
560378, 1177829
560528, 1178200
561389, 1180141
561594, 1180544
561768, 1180967
561942, 1181342
562257, 1181987
562329, 1182164
562424, 1182375
562752, 1183106
562785, 1183169
563533, 1184876
563577, 1184969
563740, 1185318
563770, 1185405
563841, 1185556
563989, 1185921
564037, 1186028
564653, 1187387
565612, 1189566
565707, 1189801
565818, 1190024
565856, 1190097
565910, 1190216
565945, 1190267
566118, 1190646
566360, 1191115
566675, 1191746
566790, 1192053
567028, 1192562
567417, 1193391
567482, 1193592
567520, 1193673
567688, 1194046
568163, 1195545
568186, 1195600
568213, 1195647
568376, 1196054
568441, 1196193
568462, 1196230
568669, 1196665
568704, 1196952
568920, 1197497
568987, 1197674
569944, 1199821
569991, 1199922
570124, 1200267
570216, 1200458
572589, 1205853
572792, 1206310
572813, 1206361
572891, 1206562
572918, 1206629
573024, 1206904
573179, 1207231
573220, 1207328
573407, 1207687
573472, 1207842
573547, 1208017
573772, 1208486
575949, 1213363
576159, 1213844
576841, 1215517
576907, 1215682
577081, 1216057
577316, 1216586
577391, 1216771
577460, 1216904
577503, 1217007
577578, 1217166
578145, 1218469
578170, 1218528
578224, 1218683
578279, 1218818
578877, 1220003
579162, 1220606
579187, 1220663
579277, 1220854
579668, 1221779
580207, 1222900
580277, 1223259
581685, 1226300
581755, 1226477
581782, 1226534
582027, 1227107
582184, 1227456
582357, 1227881
582443, 1228032
582594, 1228431
582628, 1228490
582696, 1228651
583792, 1231206
583868, 1231365
583926, 1231472
584318, 1232219
584387, 1232382
584454, 1232525
584738, 1233202
584782, 1233289
584819, 1233372
584844, 1233433
584948, 1233676
584997, 1233771
585022, 1233836
585265, 1234379
586555, 1237392
586726, 1237751
586796, 1237912
586885, 1238081
587060, 1238552
587182, 1238821
587196, 1238856
587224, 1238915
587267, 1239010
587290, 1239061
587369, 1239254
587400, 1239325
587601, 1239700
587673, 1239911
587715, 1240036
588345, 1241445
588410, 1241630
588447, 1241703
588611, 1242118
588650, 1242197
588878, 1242698
588908, 1242757
589060, 1243058
589078, 1243103
589377, 1243804
589391, 1244017
589548, 1244356
589590, 1244459
591095, 1247980
591349, 1248595
591402, 1248688
591755, 1249503
591914, 1249778
591937, 1249833
591995, 1250000
592047, 1250095
592604, 1251308
592936, 1252029
593006, 1252190
593096, 1252411
593160, 1252556
593203, 1252643
593298, 1252840
593411, 1253177
594113, 1254762
594190, 1254913
594247, 1255056
595453, 1257727
595602, 1258022
595636, 1258089
595653, 1258130
595740, 1258317
595829, 1258504
595859, 1258567
595961, 1258792
596259, 1259475
596303, 1259576
597177, 1261419
597501, 1262114
597579, 1262289
597683, 1262508
597874, 1262889
598143, 1263500
598230, 1263721
598252, 1263764
598409, 1264077
598475, 1264262
598535, 1264349
598786, 1264986
598821, 1265051
598851, 1265124
598929, 1265297
599462, 1266474
599896, 1267843
600200, 1268596
600254, 1268705
600291, 1268816
600819, 1269863
600938, 1270110
600956, 1270149
601023, 1270306
601306, 1270943
601380, 1271132
601477, 1271353
602371, 1273562
602435, 1273719
602529, 1273938
602622, 1274117
602664, 1274218
602741, 1274423
602772, 1274496
602793, 1274559
602807, 1274624
602910, 1274871
602989, 1275040
603053, 1275203
603086, 1275290
603236, 1275609
603306, 1275762
603606, 1276483
603866, 1277118
603909, 1277213
603936, 1277264
603958, 1277315
603963, 1277390
604030, 1277507
604128, 1277674
604229, 1277881
604336, 1278124
604592, 1278677
604630, 1278756
604736, 1278983
604795, 1279124
604833, 1279215
605109, 1279830
605437, 1280533
605478, 1280624
605604, 1280915
605655, 1281030
605678, 1281093
605755, 1281314
606008, 1281823
606266, 1282370
606472, 1282793
606490, 1282834
606584, 1283029
607046, 1284086
607284, 1284603
607599, 1285322
607873, 1285919
608070, 1286338
608070, 1286379
608170, 1286614
608316, 1286919
608426, 1287202
608426, 1287243
608426, 1287290
608506, 1287465
608620, 1287718
608877, 1288291
608946, 1288430
608970, 1288487
609015, 1288582
609084, 1288709
609110, 1288774
609368, 1289365
609484, 1289602
609534, 1289953
609709, 1290362
609736, 1290423
609789, 1290520
609983, 1291073
610129, 1291440
610204, 1291645
610501, 1292400
610561, 1292547
610685, 1292832
610701, 1292889
610825, 1293152
610839, 1293195
611885, 1295668
611993, 1295949
612024, 1296026
612161, 1296343
612694, 1297764
612737, 1297837
612810, 1298036
614191, 1301511
614266, 1301684
614563, 1302317
614588, 1302368
615262, 1303933
615289, 1304022
615382, 1304265
615503, 1304524
615597, 1304735
616819, 1307558
616897, 1307707
617444, 1308912
617536, 1309083
617739, 1309602
617830, 1309849
618002, 1310246
618122, 1310493
620090, 1314888
620107, 1314933
620143, 1315012
620409, 1315547
620784, 1316412
620829, 1316513
621005, 1316992
621079, 1317133
621137, 1317252
621155, 1317301
621180, 1317376
622764, 1320877
622821, 1321016
622930, 1321227
622970, 1321332
623055, 1321533
623203, 1321882
623484, 1322495
623529, 1322586
623871, 1323305
623914, 1323616
623949, 1323697
623986, 1323776
624032, 1323895
624350, 1324616
624457, 1324841
624509, 1324956
624682, 1325313
624720, 1325388
624952, 1325853
625345, 1326778
626480, 1329379
626534, 1329534
627084, 1330747
627202, 1331006
627402, 1331481
629021, 1335526
629087, 1335683
629151, 1335796
629166, 1335843
629200, 1335920
629410, 1336381
629446, 1336450
630251, 1338433
630340, 1338640
630395, 1338761
630497, 1338994
630961, 1340033
630983, 1340080
631028, 1340177
632930, 1344552
633468, 1345719
633809, 1346538
634152, 1347299
634374, 1347804
634450, 1347981
634600, 1348348
634806, 1348859
634878, 1349002
634942, 1349145
635113, 1349590
635171, 1349731
635263, 1349960
635428, 1350345
635516, 1350536
635617, 1350759
636039, 1351746
636175, 1352067
636550, 1353010
636717, 1353373
636865, 1353672
636960, 1354119
638566, 1358968
638598, 1359055
638958, 1359952
638997, 1360251
639251, 1360826
639371, 1361177
639397, 1361238
639464, 1361391
639483, 1361456
640806, 1364133
640900, 1364368
641699, 1366231
641712, 1366274
641767, 1366391
641817, 1366502
642220, 1367311
642319, 1367520
642346, 1367577
642527, 1367990
643067, 1369275
643097, 1369342
643213, 1369801
643351, 1370152
643488, 1370447
643607, 1370678
643634, 1370735
643920, 1371388
644006, 1371575
644040, 1371662
644070, 1371743
644301, 1372314
645145, 1374461
645192, 1374574
645289, 1374801
645408, 1375134
645693, 1375815
645751, 1375942
645820, 1376083
645879, 1376194
645916, 1376267
647872, 1381044
647897, 1381113
648225, 1381920
648682, 1382999
648718, 1383078
648964, 1383629
649844, 1385656
649923, 1385821
649984, 1385984
650019, 1386065
650153, 1386364
650187, 1386449
650319, 1386734
651113, 1388631
651152, 1388710
651360, 1389159
651404, 1389270
651502, 1389511
651564, 1389644
651602, 1389741
651896, 1390514
651959, 1390671
652165, 1391086
652428, 1391705
652452, 1391760
652630, 1392183
652654, 1392236
652728, 1392431
653004, 1393010
653271, 1393519
653393, 1394014
653519, 1394323
653551, 1394398
653745, 1395081
654139, 1395980
654257, 1396229
654326, 1396380
654328, 1396421
654459, 1396742
654526, 1396865
654576, 1396976
654873, 1397677
655302, 1398680
655348, 1398785
655519, 1399188
655669, 1399529
655804, 1399854
657159, 1402903
657211, 1403042
657705, 1404289
657752, 1404468
657905, 1404861
657945, 1404964
658085, 1405287
658162, 1405458
658319, 1405851
658530, 1406320
658578, 1406429
658703, 1406704
658831, 1407053
658849, 1407100
659083, 1407607
659121, 1407688
659156, 1407757
659180, 1407820
659225, 1407919
659302, 1408218
659574, 1408771
659850, 1409446
659939, 1409631
660010, 1409796
660029, 1409869
660097, 1410036
660114, 1410081
660715, 1411376
662342, 1415127
662531, 1415638
662792, 1416267
662976, 1416658
663050, 1416823
663229, 1417234
663506, 1417835
663985, 1418878
664575, 1420389
664643, 1420548
664660, 1420591
666150, 1424282
666195, 1424387
666243, 1424506
666536, 1425135
666738, 1425586
666873, 1425869
666893, 1425924
666978, 1426109
667392, 1427112
667482, 1427289
667543, 1427424
668392, 1429399
668523, 1429690
668683, 1430009
668786, 1430246
668880, 1430395
668941, 1430526
669092, 1430871
669303, 1431444
669508, 1431953
669538, 1432016
669675, 1432295
669800, 1432584
670553, 1434175
670641, 1434384
670786, 1434723
670869, 1434926
670887, 1434981
670925, 1435064
670960, 1435131
670999, 1435224
671141, 1435547
671223, 1435694
671398, 1436093
671461, 1436220
671505, 1436307
671572, 1436472
671665, 1436677
671761, 1436918
672232, 1438059
672345, 1438298
672379, 1438373
672455, 1438528
672615, 1438891
672702, 1439068
672717, 1439111
672768, 1439242
672785, 1439283
672823, 1439392
672960, 1439671
672985, 1439726
673091, 1439955
673661, 1441370
673764, 1441621
673889, 1441900
674004, 1442257
674284, 1442906
674317, 1443005
674438, 1443304
674524, 1443507
674860, 1444338
674887, 1444407
674983, 1444642
675104, 1444921
675121, 1444964
675138, 1445005
675523, 1445874
675604, 1446095
675617, 1446128
675780, 1446541
675864, 1446810
675930, 1446977
675980, 1447096
676063, 1447257
676366, 1447984
676482, 1448287
676548, 1448426
676581, 1448507
676704, 1448792
676815, 1449039
676874, 1449172
676920, 1449285
677021, 1449528
678889, 1453701
678995, 1453928
679363, 1454831
679638, 1455498
679767, 1455807
679822, 1455934
679858, 1455999
679979, 1456254
680050, 1456397
680361, 1457072
680424, 1457211
680526, 1457480
680562, 1457567
680597, 1457646
680739, 1457975
680816, 1458160
681189, 1459167
681197, 1459210
681249, 1459357
681263, 1459400
681307, 1459507
681337, 1459582
681374, 1459691
681399, 1459772
681422, 1459845
681549, 1460152
681560, 1460207
681600, 1460282
681679, 1460479
681690, 1460508
681709, 1460545
681745, 1460610
681805, 1460793
681894, 1461010
681956, 1461143
681962, 1461182
682011, 1461277
682085, 1461460
682115, 1461561
682156, 1461656
682496, 1462479
683002, 1463540
683620, 1464975
683732, 1465220
683865, 1465689
683894, 1465770
683894, 1465855
684052, 1466226
684168, 1466473
684287, 1466746
684427, 1467089
684581, 1467440
684681, 1467657
684737, 1467866
684797, 1467989
684799, 1468030
684820, 1468081
685051, 1468672
687154, 1474407
687188, 1474490
687245, 1474637
687340, 1474860
687448, 1475081
687637, 1475538
687822, 1475995
687886, 1476110
688011, 1476441
688031, 1476498
688090, 1476649
688193, 1476870
688818, 1478391
688865, 1478506
688967, 1478739
688983, 1478810
691569, 1485035
691780, 1485530
692042, 1486259
692097, 1486394
692183, 1486583
692290, 1486832
692312, 1486897
692351, 1486996
692697, 1487797
692713, 1487830
692733, 1487869
692939, 1488652
694158, 1492379
694185, 1492470
694299, 1492711
694419, 1493018
694926, 1494365
695006, 1494496
695076, 1494643
695115, 1494752
695311, 1495205
695352, 1495308
695477, 1495567
696050, 1496850
696174, 1497133
696468, 1497692
696678, 1498139
696709, 1498218
696754, 1498335
696791, 1498412
696997, 1498865
697074, 1499062
697427, 1499945
697513, 1500338
697537, 1500387
697580, 1500474
697638, 1500605
697673, 1500952
697796, 1501261
697836, 1501342
697911, 1501505
697962, 1501864
698304, 1502707
698370, 1502860
698410, 1502931
698492, 1503126
698628, 1503447
698869, 1503944
698913, 1504045
698976, 1504190
699593, 1505765
699651, 1505886
699800, 1506207
699842, 1506312
699866, 1506573
699912, 1506694
699915, 1506737
700149, 1507280
700355, 1507749
701117, 1509742
701162, 1509811
701328, 1510218
701367, 1510505
701429, 1510644
701429, 1510691
701905, 1511842
701962, 1511979
702069, 1512194
702122, 1512307
702240, 1512590
702317, 1512757
703234, 1514614
703582, 1515415
703597, 1515672
703618, 1515727
703698, 1515936
703751, 1516079
703895, 1516448
704058, 1516869
704242, 1517310
704320, 1517479
704361, 1517574
704402, 1517657
704432, 1517730
704493, 1517863
704594, 1518054
705136, 1519127
705279, 1519446
705358, 1519613
705563, 1520320
705668, 1520539
706197, 1521718
706267, 1521881
706379, 1522140
706434, 1522267
706540, 1522484
706826, 1523159
706846, 1523210
706989, 1523581
707187, 1523996
707236, 1524083
707265, 1524140
707431, 1524513
707459, 1524608
707515, 1524761
707533, 1524974
707631, 1525193
707673, 1525328
707750, 1525497
707784, 1525564
708098, 1526211
708114, 1526252
708344, 1526831
708427, 1527028
708592, 1527387
708688, 1527634
708750, 1527757
708807, 1527874
708832, 1527935
708927, 1528182
709266, 1528917
709353, 1529112
709455, 1529391
709486, 1529700
709595, 1529965
709882, 1530764
709969, 1530971
710122, 1531294
710226, 1531519
710270, 1531604
711423, 1534411
711494, 1534604
712169, 1536157
712309, 1536462
712342, 1536533
712422, 1536766
712670, 1537403
713435, 1538932
713456, 1539051
713541, 1539216
713820, 1539933
713940, 1540188
714038, 1540395
715059, 1542672
715063, 1542767
715210, 1543122
715246, 1543183
715304, 1543316
715334, 1543377
715361, 1543434
715441, 1543603
715465, 1543654
715512, 1543747
715527, 1543788
715628, 1544005
715657, 1544072
715662, 1544207
715701, 1544294
715701, 1544333
715804, 1544562
715867, 1544753
715920, 1544862
716099, 1545269
716150, 1545394
716180, 1545467
716213, 1545518
716324, 1545779
716342, 1545816
716374, 1545879
716424, 1545984
716478, 1546097
716769, 1546678
716839, 1546811
716892, 1546936
716948, 1547059
717166, 1547518
717441, 1548191
717494, 1548332
717545, 1548441
717588, 1548530
717866, 1549129
717886, 1549174
717973, 1549345
718074, 1549562
718301, 1550073
718324, 1550126
718859, 1551581
718886, 1551640
718993, 1551913
719075, 1552086
719199, 1552359
719310, 1552620
720325, 1555189
720414, 1555360
720579, 1555737
720663, 1555930
720732, 1556065
720849, 1556380
721348, 1557937
721458, 1558292
721477, 1558355
721807, 1559098
721832, 1559159
721987, 1559480
722006, 1559543
722023, 1559594
722263, 1560137
722308, 1560230
722322, 1560295
722371, 1560408
722409, 1560499
722484, 1560664
722501, 1560701
722571, 1560862
722863, 1561569
722979, 1561824
723046, 1561971
723120, 1562142
723146, 1562195
723226, 1562366
723246, 1562677
723477, 1563224
723584, 1563473
723643, 1563610
724024, 1564723
724198, 1565250
724360, 1565621
724390, 1565676
724426, 1565741
724485, 1565866
724555, 1566007
724582, 1566054
724606, 1566119
724682, 1566288
724704, 1566339
725908, 1569074
726558, 1570573
726699, 1570834
726730, 1570899
726918, 1571286
726968, 1571385
727010, 1571464
727416, 1572333
727805, 1573292
727972, 1573663
728224, 1574168
728305, 1574333
728499, 1574756
728623, 1575057
728641, 1575108
729235, 1576621
729305, 1576986
729399, 1577191
729490, 1577400
729530, 1577499
729693, 1577924
729771, 1578085
729797, 1578136
729828, 1578237
729999, 1578670
730317, 1579367
732746, 1585214
732792, 1585301
732844, 1585568
733146, 1586329
733328, 1586788
733677, 1587677
734227, 1588968
735502, 1592461
735520, 1592504
735625, 1592745
735664, 1592820
735889, 1593285
735951, 1593450
735994, 1593547
736041, 1593658
736090, 1593783
736332, 1594304
737584, 1597131
737618, 1597210
737665, 1597341
737937, 1598060
737992, 1598187
738045, 1598314
738135, 1598497
738239, 1598744
738356, 1599005
738437, 1599166
738521, 1599353
738555, 1599444
738788, 1599937
738958, 1600320
739051, 1600577
739309, 1601254
739348, 1601343
739409, 1601470
739452, 1601551
739723, 1602152
739752, 1602217
739782, 1602274
739814, 1602351
739865, 1602492
739966, 1602721
740148, 1603072
740253, 1603265
740297, 1603332
740347, 1603567
740401, 1603666
740481, 1603823
740711, 1604336
740777, 1604493
740781, 1604536
740961, 1604937
741005, 1605032
741043, 1605115
741190, 1605484
741334, 1605785
741413, 1605946
741453, 1606015
741601, 1606358
741873, 1607001
742124, 1607664
742199, 1607849
742336, 1608198
742869, 1609523
744815, 1614278
744841, 1614323
744908, 1614464
744950, 1614567
744973, 1614624
745133, 1614941
745171, 1615010
745222, 1615125
745236, 1615168
745686, 1616213
745719, 1616278
746083, 1617119
746131, 1617224
746160, 1617307
746163, 1617350
746411, 1617883
746496, 1618088
746878, 1618879
746972, 1619106
747043, 1619237
747066, 1619300
747323, 1619897
747529, 1620374
747838, 1621131
747952, 1621366
747988, 1621481
748215, 1622008
748239, 1622061
748297, 1622178
748415, 1622431
748515, 1622676
748643, 1622965
748941, 1623650
749178, 1624191
749275, 1624414
749645, 1625313
749809, 1625866
749877, 1626259
749960, 1626504
750024, 1626747
750080, 1626858
750138, 1626995
750436, 1627780
750503, 1627907
750764, 1628612
750826, 1628741
750904, 1628902
751079, 1629351
751099, 1629394
751472, 1630227
751688, 1630726
751873, 1631157
751909, 1631238
752184, 1631831
752207, 1631906
752251, 1632031
752268, 1632074
752325, 1632241
752366, 1632342
753019, 1633849
753042, 1633896
753186, 1634233
753277, 1634448
753468, 1634975
753567, 1635224
753773, 1635713
753831, 1635856
753874, 1635975
753982, 1636302
754001, 1636357
754061, 1636524
754313, 1637149
754357, 1637258
754407, 1637363
754513, 1637600
754571, 1637739
754713, 1638056
754785, 1638193
754822, 1638276
754858, 1638631
755024, 1638960
755267, 1639529
755383, 1639744
755421, 1640065
755658, 1640598
755756, 1640811
755908, 1641096
755988, 1641267
756215, 1641866
756305, 1642051
756357, 1642180
756461, 1642415
756577, 1642650
756788, 1643099
757077, 1643740
757138, 1643891
757184, 1643990
757202, 1644037
757231, 1644126
757335, 1644365
757360, 1644416
757484, 1644699
757516, 1644774
757578, 1644909
758468, 1647042
758490, 1647085
758711, 1647566
758755, 1647663
759081, 1648398
759128, 1648523
759181, 1648656
759409, 1649241
759555, 1649574
759591, 1649651
759710, 1649916
759748, 1650019
759853, 1650240
760010, 1650621
760115, 1650902
760551, 1651943
760604, 1652044
760618, 1652085
760668, 1652196
760727, 1652301
761164, 1653330
761294, 1653641
761348, 1653778
761526, 1654265
761754, 1654812
761832, 1654999
762001, 1655382
762298, 1655995
762387, 1656198
762802, 1657209
762887, 1657402
762954, 1657555
762990, 1657658
763224, 1658189
763486, 1658788
763612, 1659067
763765, 1659414
764799, 1662031
764922, 1662328
765035, 1662625
765186, 1663004
765254, 1663183
765488, 1663722
765711, 1664359
765765, 1664474
766001, 1665067
766037, 1665140
766372, 1665943
766543, 1666384
766590, 1666481
766627, 1666594
766729, 1666881
766848, 1667112
766954, 1667343
767063, 1667608
767137, 1667771
767920, 1669674
768220, 1670417
768306, 1670618
768379, 1670775
768477, 1671008
768606, 1671335
768646, 1671442
768790, 1671791
769307, 1672858
769352, 1672963
769598, 1673590
770137, 1674975
770244, 1675188
770301, 1675299
770420, 1675576
770477, 1675693
770752, 1676306
